search_term,expected,why
how to prevent shin splints,ADD_NEGATIVE,"medical advice, no product in mind"
marathon training plan 16 weeks,ADD_NEGATIVE,"a training plan, which the account does not sell"
what is vo2 max running,ADD_NEGATIVE,"a definition question, no product in mind"
london marathon results,ADD_NEGATIVE,"race results: the phrase marathon results is safe to block"
treadmill for sale,ADD_NEGATIVE,"a treadmill, out of scope even with a price word"
running shoes repair near me,ADD_NEGATIVE,"a repair service the account does not offer"
running man dance,ADD_NEGATIVE,"the dance, not running"
nike pegasus 41,ADD_NEGATIVE,"brand search: the brand campaigns cover it"
vaporfly 3 womens,ADD_NEGATIVE,"a Nike product line without the brand word: still a brand search"
best running shoes men,LEAVE,"looking for running shoes the account sells"
women's trail running shoes waterproof,LEAVE,"a specific product the account sells"
kids running trainers,LEAVE,"trainers here means running shoes"
men's running shorts with pockets,LEAVE,"running apparel the account sells"
running socks anti blister,LEAVE,"a running accessory the account sells"
running shoes for flat feet,LEAVE,"choosing shoes for a need"
waterproof running jacket,LEAVE,"running apparel the account sells"
cheap running shoes,LEAVE,"a price word is no reason to block: account rule"
how to choose running shoes,LEAVE,"a how-to with a purchase in mind"
super shoes marathon,LEAVE,"slang for carbon-plated racing shoes, which the account sells"
hoka bondi 8,TO_REVIEW,"competitor product: the team decides competitor strategy"
adidas ultraboost men,TO_REVIEW,"competitor product: the team decides competitor strategy"
vornlo trail runner,TO_REVIEW,"made-up brand, standing in for a niche name the model cannot know"
trexa glide socks,TO_REVIEW,"made-up brand, standing in for a niche name the model cannot know"
